{
  "frames": [
    {
      "filename": "girlc1",
      "frame": {
        "x": 0,
        "y": 0,
        "w": 94,
        "h": 110
      },
      "rotated": false,
      "trimmed": true,
      "spriteSourceSize": {
        "x": 17,
        "y": 9,
        "w": 94,
        "h": 110
      },
      "sourceSize": {
        "w": 128,
        "h": 128
      },
      "pivot": {
        "x": 0.5,
        "y": 0.5
      }
    },
    {
      "filename": "girlc2",
      "frame": {
        "x": 0,
        "y": 110,
        "w": 94,
        "h": 108
      },
      "rotated": false,
      "trimmed": true,
      "spriteSourceSize": {
        "x": 17,
        "y": 10,
        "w": 94,
        "h": 108
      },
      "sourceSize": {
        "w": 128,
        "h": 128
      },
      "pivot": {
        "x": 0.5,
        "y": 0.5
      }
    },
    {
      "filename": "girlc3",
      "frame": {
        "x": 0,
        "y": 218,
        "w": 94,
        "h": 100
      },
      "rotated": false,
      "trimmed": true,
      "spriteSourceSize": {
        "x": 21,
        "y": 14,
        "w": 94,
        "h": 100
      },
      "sourceSize": {
        "w": 128,
        "h": 128
      },
      "pivot": {
        "x": 0.5,
        "y": 0.5
      }
    },
    {
      "filename": "girlc4",
      "frame": {
        "x": 0,
        "y": 110,
        "w": 94,
        "h": 108
      },
      "rotated": false,
      "trimmed": true,
      "spriteSourceSize": {
        "x": 17,
        "y": 10,
        "w": 94,
        "h": 108
      },
      "sourceSize": {
        "w": 128,
        "h": 128
      },
      "pivot": {
        "x": 0.5,
        "y": 0.5
      }
    }
  ],
  "meta": {
    "app": "http://free-tex-packer.com",
    "version": "0.6.7",
    "image": "girlc.png",
    "format": "RGBA8888",
    "size": {
      "w": 94,
      "h": 318
    },
    "scale": 1
  }
}