{
  "frames": [
    {
      "filename": "girla1",
      "frame": {
        "x": 0,
        "y": 0,
        "w": 70,
        "h": 114
      },
      "rotated": false,
      "trimmed": true,
      "spriteSourceSize": {
        "x": 29,
        "y": 7,
        "w": 70,
        "h": 114
      },
      "sourceSize": {
        "w": 128,
        "h": 128
      },
      "pivot": {
        "x": 0.5,
        "y": 0.5
      }
    },
    {
      "filename": "girla2",
      "frame": {
        "x": 0,
        "y": 114,
        "w": 70,
        "h": 110
      },
      "rotated": false,
      "trimmed": true,
      "spriteSourceSize": {
        "x": 29,
        "y": 9,
        "w": 70,
        "h": 110
      },
      "sourceSize": {
        "w": 128,
        "h": 128
      },
      "pivot": {
        "x": 0.5,
        "y": 0.5
      }
    },
    {
      "filename": "girla4",
      "frame": {
        "x": 0,
        "y": 224,
        "w": 70,
        "h": 110
      },
      "rotated": false,
      "trimmed": true,
      "spriteSourceSize": {
        "x": 29,
        "y": 9,
        "w": 70,
        "h": 110
      },
      "sourceSize": {
        "w": 128,
        "h": 128
      },
      "pivot": {
        "x": 0.5,
        "y": 0.5
      }
    },
    {
      "filename": "girla3",
      "frame": {
        "x": 0,
        "y": 334,
        "w": 70,
        "h": 106
      },
      "rotated": false,
      "trimmed": true,
      "spriteSourceSize": {
        "x": 29,
        "y": 11,
        "w": 70,
        "h": 106
      },
      "sourceSize": {
        "w": 128,
        "h": 128
      },
      "pivot": {
        "x": 0.5,
        "y": 0.5
      }
    }
  ],
  "meta": {
    "app": "http://free-tex-packer.com",
    "version": "0.6.7",
    "image": "girla.png",
    "format": "RGBA8888",
    "size": {
      "w": 70,
      "h": 440
    },
    "scale": 1
  }
}