{
  "frames": [
    {
      "filename": "girlb1",
      "frame": {
        "x": 0,
        "y": 0,
        "w": 70,
        "h": 124
      },
      "rotated": false,
      "trimmed": true,
      "spriteSourceSize": {
        "x": 29,
        "y": 2,
        "w": 70,
        "h": 124
      },
      "sourceSize": {
        "w": 128,
        "h": 128
      },
      "pivot": {
        "x": 0.5,
        "y": 0.5
      }
    },
    {
      "filename": "girlb2",
      "frame": {
        "x": 0,
        "y": 124,
        "w": 70,
        "h": 122
      },
      "rotated": false,
      "trimmed": true,
      "spriteSourceSize": {
        "x": 29,
        "y": 3,
        "w": 70,
        "h": 122
      },
      "sourceSize": {
        "w": 128,
        "h": 128
      },
      "pivot": {
        "x": 0.5,
        "y": 0.5
      }
    },
    {
      "filename": "girlb4",
      "frame": {
        "x": 0,
        "y": 246,
        "w": 70,
        "h": 122
      },
      "rotated": false,
      "trimmed": true,
      "spriteSourceSize": {
        "x": 29,
        "y": 3,
        "w": 70,
        "h": 122
      },
      "sourceSize": {
        "w": 128,
        "h": 128
      },
      "pivot": {
        "x": 0.5,
        "y": 0.5
      }
    },
    {
      "filename": "girlb3",
      "frame": {
        "x": 0,
        "y": 368,
        "w": 70,
        "h": 114
      },
      "rotated": false,
      "trimmed": true,
      "spriteSourceSize": {
        "x": 29,
        "y": 7,
        "w": 70,
        "h": 114
      },
      "sourceSize": {
        "w": 128,
        "h": 128
      },
      "pivot": {
        "x": 0.5,
        "y": 0.5
      }
    }
  ],
  "meta": {
    "app": "http://free-tex-packer.com",
    "version": "0.6.7",
    "image": "girlb.png",
    "format": "RGBA8888",
    "size": {
      "w": 70,
      "h": 482
    },
    "scale": 1
  }
}