{
  "frames": [
    {
      "filename": "space2.png",
      "frame": {
        "x": 0,
        "y": 0,
        "w": 234,
        "h": 101
      },
      "rotated": false,
      "trimmed": true,
      "spriteSourceSize": {
        "x": 11,
        "y": 72,
        "w": 234,
        "h": 101
      },
      "sourceSize": {
        "w": 256,
        "h": 256
      },
      "pivot": {
        "x": 0.5,
        "y": 0.5
      }
    },
    {
      "filename": "space1.png",
      "frame": {
        "x": 234,
        "y": 0,
        "w": 234,
        "h": 54
      },
      "rotated": false,
      "trimmed": true,
      "spriteSourceSize": {
        "x": 11,
        "y": 103,
        "w": 234,
        "h": 54
      },
      "sourceSize": {
        "w": 256,
        "h": 256
      },
      "pivot": {
        "x": 0.5,
        "y": 0.5
      }
    }
  ],
  "meta": {
    "app": "http://free-tex-packer.com",
    "version": "0.6.7",
    "image": "space.png",
    "format": "RGBA8888",
    "size": {
      "w": 468,
      "h": 101
    },
    "scale": 1
  }
}