{
  "frames": [
    {
      "filename": "dog1",
      "frame": {
        "x": 0,
        "y": 0,
        "w": 94,
        "h": 122
      },
      "rotated": false,
      "trimmed": true,
      "spriteSourceSize": {
        "x": 17,
        "y": 3,
        "w": 94,
        "h": 122
      },
      "sourceSize": {
        "w": 128,
        "h": 128
      },
      "pivot": {
        "x": 0.5,
        "y": 0.5
      }
    },
    {
      "filename": "dog2",
      "frame": {
        "x": 0,
        "y": 122,
        "w": 94,
        "h": 118
      },
      "rotated": false,
      "trimmed": true,
      "spriteSourceSize": {
        "x": 17,
        "y": 5,
        "w": 94,
        "h": 118
      },
      "sourceSize": {
        "w": 128,
        "h": 128
      },
      "pivot": {
        "x": 0.5,
        "y": 0.5
      }
    },
    {
      "filename": "dog3",
      "frame": {
        "x": 0,
        "y": 240,
        "w": 94,
        "h": 110
      },
      "rotated": false,
      "trimmed": true,
      "spriteSourceSize": {
        "x": 17,
        "y": 9,
        "w": 94,
        "h": 110
      },
      "sourceSize": {
        "w": 128,
        "h": 128
      },
      "pivot": {
        "x": 0.5,
        "y": 0.5
      }
    },
    {
      "filename": "dog4",
      "frame": {
        "x": 0,
        "y": 122,
        "w": 94,
        "h": 118
      },
      "rotated": false,
      "trimmed": true,
      "spriteSourceSize": {
        "x": 17,
        "y": 5,
        "w": 94,
        "h": 118
      },
      "sourceSize": {
        "w": 128,
        "h": 128
      },
      "pivot": {
        "x": 0.5,
        "y": 0.5
      }
    }
  ],
  "meta": {
    "app": "http://free-tex-packer.com",
    "version": "0.6.7",
    "image": "dog.png",
    "format": "RGBA8888",
    "size": {
      "w": 94,
      "h": 350
    },
    "scale": 1
  }
}